{"cameraMode":{"drawMode":0,"name":"Shaded","section":"Shading Mode"},"sceneLighting":true,"audioPlay":false,"sceneViewState":{"m_AlwaysRefresh":false,"showFog":true,"showSkybox":true,"showFlares":true,"showImageEffects":true,"showParticleSystems":true,"showVisualEffectGraphs":true,"m_FxEnabled":true},"in2DMode":false,"pivot":{"x":17.62019157409668,"y":2.3023171424865724,"z":-1.1052913665771485},"rotation":{"x":-0.025267846882343293,"y":0.9642941951751709,"z":-0.24397611618041993,"w":-0.09986899793148041},"size":5.827277183532715,"orthographic":false}